日期,股票代码,开盘,收盘,最高,最低,成交量,成交额,振幅,涨跌幅,涨跌额,换手率
2025-06-09,300919,31.28,31.56,31.79,31.19,39173,124871700.0,1.92,1.25,0.39,0.43
2025-06-10,300919,31.64,31.39,31.93,30.94,58383,185102982.0,3.14,-0.54,-0.17,0.64
2025-06-11,300919,31.38,31.65,32.13,31.38,48875,156913129.0,2.39,0.83,0.26,0.54
2025-06-12,300919,31.65,31.87,31.98,31.34,40687,130039892.0,2.02,0.7,0.22,0.45
2025-06-13,300919,31.68,31.46,31.91,31.29,42182,134109124.0,1.95,-1.29,-0.41,0.46
2025-06-16,300919,31.29,31.26,31.48,31.08,31793,100217663.0,1.27,-0.64,-0.2,0.35
2025-06-17,300919,31.34,31.7,31.89,31.17,45804,145855184.0,2.3,1.41,0.44,0.5
2025-06-18,300919,31.59,31.38,31.63,31.04,34411,108559732.0,1.86,-1.01,-0.32,0.38
2025-06-19,300919,31.22,30.92,31.82,30.85,46802,147952575.0,3.09,-1.47,-0.46,0.51
2025-06-20,300919,30.8,30.8,31.59,30.79,52116,163933105.0,2.59,-0.39,-0.12,0.57
2025-06-23,300919,30.75,31.2,31.39,30.45,46679,146558642.0,3.05,1.3,0.4,0.51
2025-06-24,300919,31.37,32.61,32.69,31.36,105463,343364282.0,4.26,4.52,1.41,1.16
2025-06-25,300919,32.81,33.1,33.26,32.63,96095,319304588.0,1.93,1.5,0.49,1.06
2025-06-26,300919,32.91,32.74,33.61,32.7,84909,283509898.0,2.75,-1.09,-0.36,0.93
2025-06-27,300919,32.92,32.63,33.52,32.61,63155,209871576.0,2.78,-0.34,-0.11,0.69
2025-06-30,300919,32.87,32.61,32.93,32.41,52477,172385770.0,1.59,-0.06,-0.02,0.58
2025-07-01,300919,32.63,32.28,32.67,31.93,55103,178810617.0,2.27,-1.01,-0.33,0.61
2025-07-02,300919,32.26,32.68,32.68,31.96,57715,188524364.0,2.23,1.24,0.4,0.63
2025-07-03,300919,32.75,33.09,33.28,32.34,71492,236791648.0,2.88,1.25,0.41,0.79
2025-07-04,300919,32.91,32.42,32.99,32.36,59974,196804677.0,1.9,-2.02,-0.67,0.66
2025-07-07,300919,32.41,32.23,32.49,32.12,27960,90943165.0,1.14,-0.59,-0.19,0.31
2025-07-08,300919,32.21,32.98,33.33,32.13,74443,246710946.0,3.72,2.33,0.75,0.82
2025-07-09,300919,32.96,32.79,33.22,32.69,49196,163583063.0,1.61,-0.58,-0.19,0.54
2025-07-10,300919,32.73,32.88,32.99,32.52,52251,172447675.0,1.43,0.27,0.09,0.57
2025-07-11,300919,32.95,33.28,33.88,32.74,93914,316358666.0,3.47,1.22,0.4,1.03
2025-07-14,300919,33.44,33.09,33.7,32.99,73872,247765976.0,2.13,-0.57,-0.19,0.81
2025-07-15,300919,33.09,33.22,34.08,32.85,95296,320097120.0,3.72,0.39,0.13,1.04
2025-07-16,300919,33.24,32.82,33.28,32.79,58146,193341440.0,1.48,-1.2,-0.4,0.64
2025-07-17,300919,32.88,33.36,33.38,32.62,66089,220667992.0,2.32,1.65,0.54,0.72
2025-07-18,300919,33.48,33.46,33.81,33.26,64990,219502692.0,1.65,0.3,0.1,0.71
2025-07-21,300919,33.46,33.91,33.98,33.38,86874,295675025.0,1.79,1.34,0.45,0.95
2025-07-22,300919,33.86,34.2,34.48,33.74,99263,341669166.0,2.18,0.86,0.29,1.09
2025-07-23,300919,34.31,33.73,34.31,33.68,77719,266433977.0,1.84,-1.37,-0.47,0.85
2025-07-24,300919,33.73,34.82,35.08,33.64,128992,448805490.0,4.27,3.23,1.09,1.41
2025-07-25,300919,35.07,34.82,35.78,34.71,107510,380697312.0,3.07,0.0,0.0,1.18
2025-07-28,300919,34.67,34.99,35.28,34.38,81078,284939268.0,2.58,0.49,0.17,0.89
2025-07-29,300919,34.88,34.87,35.16,34.49,65374,229012492.0,1.91,-0.34,-0.12,0.72
2025-07-30,300919,34.78,34.17,34.93,33.89,75097,259783278.0,2.98,-2.01,-0.7,0.82
2025-07-31,300919,34.03,33.48,34.11,33.18,102390,347139504.0,2.72,-2.02,-0.69,1.12
2025-08-01,300919,33.48,33.33,33.72,33.16,60970,205496894.0,1.67,-0.45,-0.15,0.67
2025-08-04,300919,33.12,33.54,33.54,32.88,48068,161107833.0,1.98,0.63,0.21,0.53
2025-08-05,300919,33.57,33.71,33.86,33.44,57467,194639805.0,1.25,0.51,0.17,0.63
2025-08-06,300919,33.61,33.94,33.97,33.45,47927,163179297.0,1.54,0.68,0.23,0.53
2025-08-07,300919,33.95,33.66,34.03,33.44,56820,192931836.0,1.74,-0.82,-0.28,0.62
2025-08-08,300919,33.61,33.69,33.98,33.48,44910,152567143.0,1.49,0.09,0.03,0.49
2025-08-11,300919,34.2,34.79,34.91,33.98,120760,420400299.0,2.76,3.27,1.1,1.32
2025-08-12,300919,34.76,34.62,34.83,34.29,63005,219295474.0,1.55,-0.49,-0.17,0.69
2025-08-13,300919,34.67,34.71,34.89,34.43,62847,219572601.0,1.33,0.26,0.09,0.69
2025-08-14,300919,34.8,34.14,34.96,33.95,65269,226286564.0,2.91,-1.64,-0.57,0.72
2025-08-15,300919,34.1,34.68,34.77,34.06,74409,259091572.0,2.08,1.58,0.54,0.82
2025-08-18,300919,34.99,35.23,35.52,34.77,116415,412424161.0,2.16,1.59,0.55,1.28
2025-08-19,300919,35.24,35.07,35.29,34.83,80115,283000036.0,1.31,-0.45,-0.16,0.88
2025-08-20,300919,35.04,35.22,35.22,34.64,95205,335376774.0,1.65,0.43,0.15,1.04
2025-08-21,300919,35.26,34.8,35.33,34.61,92985,327294623.0,2.04,-1.19,-0.42,1.02
2025-08-22,300919,34.75,35.14,35.22,34.67,108603,383267596.0,1.58,0.98,0.34,1.19
2025-08-25,300919,35.41,35.67,36.38,35.31,135822,488967206.0,3.04,1.51,0.53,1.49
2025-08-26,300919,35.61,35.74,36.43,35.33,121457,439139353.0,3.08,0.2,0.07,1.33
2025-08-27,300919,36.0,35.44,36.89,35.43,186219,679385115.0,4.09,-0.84,-0.3,2.04
2025-08-28,300919,35.33,35.88,35.97,34.75,137723,492707830.0,3.44,1.24,0.44,1.51
2025-08-29,300919,35.81,37.14,37.93,35.78,275813,1029576859.0,5.99,3.51,1.26,3.02
2025-09-01,300919,37.14,37.63,37.78,36.77,212277,797163568.0,2.72,1.32,0.49,2.33
2025-09-02,300919,37.62,37.11,38.32,36.64,192606,724993276.0,4.46,-1.38,-0.52,2.11
2025-09-03,300919,37.29,38.49,38.73,36.96,297693,1135658669.0,4.77,3.72,1.38,3.26
2025-09-04,300919,38.39,42.83,43.96,38.32,580218,2464062145.0,14.65,11.28,4.34,6.36
2025-09-05,300919,41.77,45.59,45.68,41.2,527361,2345091169.0,10.46,6.44,2.76,5.78
2025-09-08,300919,44.73,44.46,46.21,42.92,371231,1652546529.0,7.22,-2.48,-1.13,4.07
2025-09-09,300919,43.69,44.78,45.36,43.14,250529,1114773854.0,4.99,0.72,0.32,2.75
2025-09-10,300919,43.53,42.41,43.71,41.81,245883,1055548830.0,4.24,-5.29,-2.37,2.69
2025-09-11,300919,42.92,42.61,43.24,42.03,165787,711032503.0,2.85,0.47,0.2,1.82
2025-09-12,300919,42.61,42.91,43.47,42.17,188037,811200005.0,3.05,0.7,0.3,2.06
2025-09-15,300919,42.8,43.23,45.25,42.8,238980,1062413931.0,5.71,0.75,0.32,2.62
2025-09-16,300919,43.21,42.5,43.51,41.52,198509,844833886.0,4.6,-1.69,-0.73,2.18
2025-09-17,300919,42.36,43.57,43.92,41.85,167975,727414188.0,4.87,2.52,1.07,1.84
2025-09-18,300919,43.43,43.06,44.69,42.57,227574,996055613.0,4.87,-1.17,-0.51,2.49
2025-09-19,300919,42.79,43.73,45.18,42.79,200120,887239097.0,5.55,1.56,0.67,2.19
2025-09-22,300919,44.06,43.17,45.02,42.63,139510,607567335.0,5.47,-1.28,-0.56,1.53
2025-09-23,300919,42.93,44.33,44.33,41.73,211057,915179904.0,6.02,2.69,1.16,2.31
2025-09-24,300919,43.74,46.98,48.23,43.51,322869,1493218457.0,10.65,5.98,2.65,3.54
2025-09-25,300919,47.03,47.41,47.92,46.13,256242,1209704514.0,3.81,0.92,0.43,2.81
2025-09-26,300919,47.03,47.25,50.39,46.76,266430,1300314879.0,7.66,-0.34,-0.16,2.92
2025-09-29,300919,48.51,48.98,49.43,47.53,215951,1052845622.0,4.02,3.66,1.73,2.37
2025-09-30,300919,50.08,49.63,51.31,49.11,234952,1182713963.0,4.49,1.33,0.65,2.57
2025-10-09,300919,50.53,50.73,52.13,49.93,196722,1007905035.0,4.43,2.22,1.1,2.16
2025-10-10,300919,51.2,47.78,51.5,46.95,221436,1068500473.0,8.97,-5.82,-2.95,2.43
2025-10-13,300919,44.56,47.31,47.69,44.56,153889,716824004.0,6.55,-0.98,-0.47,1.69
2025-10-14,300919,48.29,45.06,48.49,45.02,160542,746916934.0,7.33,-4.76,-2.25,1.76
2025-10-15,300919,45.39,45.8,45.9,44.7,112931,512199944.0,2.66,1.64,0.74,1.24
2025-10-16,300919,45.49,45.52,46.87,45.2,97740,446946995.0,3.65,-0.61,-0.28,1.07
2025-10-17,300919,45.02,43.08,46.03,43.0,144632,636324359.0,6.66,-5.36,-2.44,1.59
2025-10-20,300919,44.01,43.34,44.31,43.01,87439,382384121.0,3.02,0.6,0.26,0.96
2025-10-21,300919,43.51,43.25,43.94,43.17,83022,361476564.0,1.78,-0.21,-0.09,0.91
2025-10-22,300919,42.9,42.55,43.11,42.08,87383,371486881.0,2.38,-1.62,-0.7,0.96
2025-10-23,300919,42.5,43.14,43.26,41.66,101915,431580417.0,3.76,1.39,0.59,1.12
2025-10-24,300919,43.6,43.94,44.27,43.1,106134,464414954.0,2.71,1.85,0.8,1.16
2025-10-27,300919,43.94,43.95,44.58,43.52,108562,478362170.0,2.41,0.02,0.01,1.19
2025-10-28,300919,44.0,43.53,44.42,43.38,84041,368598795.0,2.37,-0.96,-0.42,0.92
2025-10-29,300919,43.35,45.0,45.13,43.28,125305,557542826.0,4.25,3.38,1.47,1.37
2025-10-30,300919,44.5,45.66,46.73,44.36,189190,865333347.0,5.27,1.47,0.66,2.07
2025-10-31,300919,46.02,46.04,48.7,45.86,247434,1168814513.0,6.22,0.83,0.38,2.71
2025-11-03,300919,46.1,45.83,46.47,44.5,155073,701696036.0,4.28,-0.46,-0.21,1.7
2025-11-04,300919,45.58,44.11,46.3,43.73,111681,498592447.0,5.61,-3.75,-1.72,1.22
2025-11-05,300919,43.4,45.03,45.72,43.2,134913,601458589.0,5.71,2.09,0.92,1.48
2025-11-06,300919,45.06,45.83,47.36,44.5,127443,582508758.0,6.35,1.78,0.8,1.4
2025-11-07,300919,45.65,49.35,49.49,45.0,345304,1661957426.0,9.8,7.68,3.52,3.78
2025-11-10,300919,50.2,50.15,52.08,49.0,385328,1951038032.0,6.24,1.62,0.8,4.22
2025-11-11,300919,50.15,50.99,51.98,49.87,257745,1305695891.0,4.21,1.67,0.84,2.82
2025-11-12,300919,50.49,48.67,50.49,47.88,239497,1171929674.0,5.12,-4.55,-2.32,2.62
2025-11-13,300919,48.65,51.4,52.45,48.63,365793,1865852860.0,7.85,5.61,2.73,4.01
2025-11-14,300919,50.7,49.59,51.13,49.37,207021,1036083835.0,3.42,-3.52,-1.81,2.27
2025-11-17,300919,49.01,50.22,50.78,47.66,258672,1280176151.0,6.29,1.27,0.63,2.83
2025-11-18,300919,50.0,47.42,50.1,46.5,268632,1282474303.0,7.17,-5.58,-2.8,2.94
2025-11-19,300919,47.67,46.9,48.5,46.45,176102,836461783.0,4.32,-1.1,-0.52,1.93
2025-11-20,300919,47.3,45.63,49.17,45.47,240129,1134657767.0,7.89,-2.71,-1.27,2.63
2025-11-21,300919,44.38,41.13,44.8,41.0,255863,1092397950.0,8.33,-9.86,-4.5,2.8
2025-11-24,300919,41.84,41.41,41.97,41.21,133573,555466096.0,1.85,0.68,0.28,1.46
2025-11-25,300919,41.83,42.83,43.48,41.61,151120,647449035.0,4.52,3.43,1.42,1.66
2025-11-26,300919,42.84,41.77,43.26,41.64,102130,430710708.0,3.78,-2.47,-1.06,1.12
2025-11-27,300919,41.68,41.62,42.88,41.62,87703,369949634.0,3.02,-0.36,-0.15,0.96
2025-11-28,300919,41.49,42.06,42.89,41.33,97967,413321665.0,3.75,1.06,0.44,1.07
2025-12-01,300919,42.6,41.59,42.8,41.39,114054,478299231.0,3.35,-1.12,-0.47,1.25
2025-12-02,300919,41.2,40.89,41.58,40.7,94996,389381498.0,2.12,-1.68,-0.7,1.04
2025-12-03,300919,41.09,39.91,41.12,39.8,94452,379790696.0,3.23,-2.4,-0.98,1.04
2025-12-04,300919,39.97,40.47,40.76,39.58,79143,318546938.0,2.96,1.4,0.56,0.87
